Malinowski s. c.,wojcik.paulina@michalska.pl
Chmielewska s. c.,oliwia.jasinski@borkowski.pl
Olszewski,oskar.krupa@gajewski.net
Pawłowski S.A.,tborkowska@nowakowska.pl
Spółdzielnia Kowalczyk,dagmara56@olszewski.org
Fundacja Makowska,lewandowski.oliwier@marciniak.pl
Gajewski P.P.O.F,lszczepanska@baran.pl
Chmielewska sp. j.,nikola52@wrobel.pl
Szymczak,wrobel.krystian@wieczorek.com
Grabowska,witkowski.mieszko@witkowski.net
Sokołowski sp. z o.o.,patryk87@kolodziej.com.pl
Jasińska,alicja37@wysocki.pl
Zawadzki,lczarnecki@bak.com.pl
Dudek,kalinowska.daniel@wroblewska.net
Fundacja Marciniak,fkaczmarek@szczepanska.net
Fundacja Wasilewska,borys.bak@nowak.net
Błaszczyk sp. p.,sszulc@sadowska.pl
Krupa i syn,jan93@kubiak.com.pl
Witkowski sp. p.,adam93@pawlak.org
Sikorski sp. p.,sandra42@dabrowska.pl
Czerwiński S.K.A,melania29@rutkowska.net
Czarnecki,laskowski.eryk@sobczak.pl
Kołodziej sp. j.,ekowalski@jasinska.pl
Laskowski-Król,antoni42@kowalczyk.pl
Fundacja Wójcik,jankowska.rozalia@sobczak.com.pl
Makowska s. c.,marcin22@lis.pl
Duda S.A.,rzawadzki@szymczak.com
Borowski sp. k.,hanna.mroz@kalinowska.pl
Stowarzyszenie Wasilewska,krzysztof.kucharska@kowalczyk.pl
Jasiński,ksawery83@kolodziej.info
Stowarzyszenie Zalewska,iga.czarnecki@mazur.pl
Majewski sp. p.,zszymanski@baran.com.pl
Sawicki,wiktor.nowicka@witkowski.pl
Borowski P.P.O.F,dawid.pietrzak@borkowski.pl
Zieliński i syn,nikodem.szulc@walczak.info
Kubiak sp. z o.o.,bianka47@michalak.pl
Borkowski S.A.,katarzyna.borkowska@baran.info
Chmielewski sp. z o.o.,vrutkowska@olszewski.info
Nowicka s. c.,makowska.michalina@wieczorek.pl
Grupa Mazur,gabriela.brzezinski@jaworska.pl
Kozłowska-Wasilewski,majewski.kinga@wlodarczyk.com.pl
Borowski P.P.O.F,jakub.krawczyk@laskowski.com.pl
Wasilewski sp. k.,rozalia63@wasilewska.info
Chmielewski i syn,fzajac@sobczak.pl
Zakrzewska P.P.O.F,wojciech50@konieczny.com.pl
Gajewski S.K.A,czarnecka.sandra@zalewska.pl
Górecka S.K.A,lukasz43@mroz.pl
Zakrzewska sp. z o.o.,jgrabowska@stepien.pl
Woźniak-Jankowski,pnowakowska@wieczorek.com.pl
Lewandowska,ekubiak@baran.pl
Szulc-Cieślak,maja.wojcik@sikorski.com
Mazurek i syn,lukasz.rutkowski@olszewski.pl
Adamczyk sp. p.,zkaczmarek@cieslak.pl
Sadowska,emil95@krupa.pl
Stępień sp. j.,michalak.kornel@wysocki.pl
Dudek S.A.,qkaminska@duda.pl
Zieliński,grabowska.blazej@stepien.pl
Nowakowski,adam63@czerwinska.pl
Michalak S.A.,wwalczak@piotrowska.pl
Kamiński,ywasilewski@gajewski.com.pl
Wróblewski,aleks.wroblewski@nowakowska.pl
Kozłowski S.K.A,maksymilian49@zakrzewska.info
Adamska P.P.O.F,katarzyna.majewska@zakrzewska.pl
Spółdzielnia Grabowski,usadowska@krajewska.pl
Kubiak S.A.,walczak.leon@zakrzewski.com.pl
Wiśniewska,kpawlak@nowak.com.pl
Sawicki,fczarnecki@krajewska.pl
Marciniak,kwiatkowski.maja@walczak.pl
Sobczak,kwiatkowski.marcel@przybylska.pl
Spółdzielnia Sikorska,madamczyk@sikora.org
Wilk,leon.sikorski@wasilewski.com
Zalewski sp. p.,krystyna77@maciejewska.com
Wilk sp. z o.o.,melania69@ziolkowski.pl
Górecka S.K.A,wnowakowski@borkowski.info
Witkowska,inga.pawlak@sokolowska.info
Gajewski sp. z o.o.,adamczyk.iwo@kowalczyk.pl
Krajewski sp. z o.o.,wasilewski.oliwier@jablonska.pl
Błaszczyk,llaskowska@sikora.pl
Urbańska P.P.O.F,blanka39@tomaszewska.pl
Wojciechowski s. c.,ujasinski@zawadzki.pl
Wróbel i syn,adrian90@laskowska.com
Sikora sp. k.,krajewska.alex@kaczmarczyk.com.pl
Zawadzka,nowakowska.marek@wlodarczyk.com.pl
Mróz-Kowalska,lis.jozef@wozniak.com.pl
Sikorska sp. z o.o.,rutkowski.emil@szymanska.pl
Fundacja Wójcik,adamski.helena@szymczak.com
Sokołowska S.A.,kaminska.zofia@kucharska.com.pl
Adamczyk i syn,nowakowski.karolina@zalewska.pl
Kubiak-Kucharska,iwitkowski@baranowska.pl
Bąk,anna.mazurek@jakubowska.pl
Sobczak s. c.,antonina.nowicki@andrzejewski.pl
Kalinowska,inga12@zawadzki.pl
Spółdzielnia Zawadzki,kowalska.pawel@makowski.com
Mróz s. c.,cieslak.olga@kolodziej.org
Krajewska sp. k.,wilk.karina@makowski.com
Mazur,dorota.pietrzak@michalski.pl
Wasilewska sp. j.,arkadiusz86@kowalczyk.pl
Stowarzyszenie Majewska,oskar82@krawczyk.com
Malinowska sp. k.,adam.jankowska@wasilewska.info
Sokołowska s. c.,knowakowska@krupa.com.pl
Grupa Jabłońska,kajetan.adamczyk@lis.pl
Grupa Kwiatkowski,liwia.jakubowska@olszewska.info
Grupa Wróblewski,chmielewska.olga@witkowski.net
Cieślak S.K.A,karol63@wrobel.com
Spółdzielnia Kozłowska,wilk.wiktoria@mazurek.org
Fundacja Zalewska,wojciechowski.fryderyk@malinowski.pl
Krajewski,matylda90@adamczyk.info
Laskowski,lewandowska.nina@kucharska.com
Dudek,jbaran@nowicka.com.pl
Kaczmarczyk sp. j.,wzawadzki@urbanski.com.pl
Sikorski,krzysztof.kalinowski@jakubowski.net
Wójcik-Sadowska,daria.tomaszewska@krajewska.pl
Olszewska sp. p.,bkrol@jasinski.com.pl
Mazur sp. j.,wysocka.adrianna@kubiak.info
Górski P.P.O.F,apiotrowska@wisniewska.com.pl
Włodarczyk,roza.dudek@sadowska.pl
Kowalczyk sp. k.,fabian13@pawlak.com.pl
Maciejewska-Wiśniewska,julian81@tomaszewski.info
Zawadzka-Czerwiński,kkonieczny@wozniak.pl
Wilk S.K.A,jankowski.ignacy@tomaszewska.pl
Witkowski S.K.A,kolodziej.ida@kucharski.pl
Błaszczyk i syn,gsokolowski@kowalski.pl
Jankowski,cieslak.malgorzata@wlodarczyk.info
Jakubowski,julita65@grabowska.org
Wilk sp. z o.o.,magdalena36@pawlowska.com
Fundacja Nowakowski,stefan.nowakowski@makowski.info
Ziółkowska i syn,ysikorski@wroblewska.org
Jaworska sp. k.,anita.kowalczyk@borkowska.com.pl
Spółdzielnia Zielińska,natasza.brzezinska@kaczmarek.pl
Dudek,ylaskowska@sobczak.pl
Borkowska s. c.,olaf12@rutkowski.pl
Kwiatkowski sp. j.,kaminska.liliana@duda.pl
Grupa Kozłowski,wilk.zofia@czarnecki.pl
Kaczmarczyk sp. j.,zofia.sobczak@zajac.pl
Mazurek-Krupa,ada.mazurek@mazurek.pl
Czarnecka sp. p.,kaminska.kalina@zakrzewski.net
Zakrzewski S.A.,zszczepanska@nowak.pl
Jasiński s. c.,jankowski.krystian@laskowski.pl
Przybylska s. c.,mroz.krystyna@szymanska.pl
Król,milena.pawlak@krol.info
Król-Kaźmierczak,sokolowska.krystian@majewska.pl
Kubiak sp. z o.o.,lborowski@sadowski.org
Kozłowska-Sikorska,lis.kamil@wrobel.net
Czerwińska,kamila90@kazmierczak.org
Wojciechowski sp. k.,lukasz.sikora@szczepanska.info
Wilk S.A.,agata26@zielinski.pl
Sikora,aleksandra35@ziolkowska.com.pl
Jabłoński,dabrowska.daniel@tomaszewski.pl
Krupa-Adamczyk,sebastian99@duda.net
Kowalczyk sp. z o.o.,matylda77@zawadzka.com
Lewandowski P.P.O.F,skrajewska@laskowska.info
Stępień S.A.,kubiak.sylwia@krajewski.pl
Majewska-Kalinowska,zkrawczyk@urbanski.pl
Kaźmierczak-Kaczmarczyk,blazej.wasilewski@gorski.pl
Szewczyk S.K.A,alex98@wilk.com.pl
Spółdzielnia Witkowska,pkolodziej@maciejewska.com
Król,kacper.maciejewski@borowska.net
Pawłowski i syn,maurycy.wroblewski@malinowski.pl
Czarnecka,zalewski.weronika@gajewska.pl
Nowakowski,kaja11@pawlak.pl
Szczepańska P.P.O.F,stepien.michal@blaszczyk.com.pl
Sobczak,marianna76@szulc.com
Marciniak P.P.O.F,lukasz.lewandowska@wilk.pl
Szewczyk S.K.A,wozniak.sebastian@szewczyk.pl
Zając sp. z o.o.,milosz.wysocka@nowakowski.pl
Michalak-Jakubowska,kzielinski@kwiatkowska.com.pl
Nowakowska sp. p.,laura.kowalska@gorska.com.pl
Fundacja Wojciechowski,maciej08@wasilewska.pl
Sawicki-Sikora,joanna.jablonska@szymanski.pl
Krawczyk,tola.kowalczyk@zalewski.pl
Krawczyk,kalinowska.roksana@dudek.pl
Czerwińska s. c.,monika20@kalinowska.com.pl
Sikora P.P.O.F,witold.kalinowski@jasinski.com.pl
Wieczorek,marianna.rutkowska@michalski.net
Cieślak s. c.,szymon.pawlowski@krupa.info
Fundacja Czerwiński,emilia.kwiatkowski@witkowska.org
Jabłoński-Nowicki,filip.czerwinski@zakrzewski.pl
Kamiński S.A.,roza19@jaworski.org
Piotrowska,sandra70@wroblewski.pl
Grupa Wiśniewski,kszulc@kolodziej.net
Głowacki sp. k.,igor72@zielinska.com
Kozłowski S.A.,helena31@pawlak.com.pl
Jabłoński,jzielinski@kowalczyk.pl
Sobczak sp. j.,ignacy37@kubiak.net
Sikora-Pietrzak,iwo.kwiatkowski@ziolkowski.org
Chmielewski,hanna22@witkowska.pl
Rutkowski,maciej78@kowalczyk.pl
Wysocki,nikodem06@borkowski.net
Głowacki,sjankowski@sobczak.pl
Głowacki sp. z o.o.,angelika26@szulc.pl
Olszewski sp. j.,rpawlowska@andrzejewska.com.pl
Sokołowski,rzielinska@walczak.pl
Chmielewski S.A.,karol.sadowski@adamczyk.net
Adamski S.K.A,wisniewska.adrian@lewandowski.info
Makowski,skowalski@adamczyk.pl
Pawlak-Pawłowski,olaf.sobczak@szymczak.pl
Wróblewski S.A.,pgorski@zawadzka.pl
Sobczak s. c.,sylwia.szulc@wroblewska.pl
Woźniak sp. j.,olga79@dabrowska.org
Zając,eszewczyk@szymanski.pl
